Page No,Link No,Title,URL,Occurrences
1,1,Cheetah - Wikipedia,https://en.wikipedia.org/wiki/Cheetah,1145
1,2,Cheetah,https://kids.nationalgeographic.com/animals/mammals/cheetah/,118
1,3,Cheetah | National Geographic,https://www.nationalgeographic.com/animals/mammals/c/cheetah/,161
1,4,10 top cheetah facts! | National Geographic Kids,https://www.natgeokids.com/au/discover/animals/general-animals/cheetah-facts/,90
1,5,Facts About Cheetahs | Kruger Park Wildlife,http://www.krugerpark.co.za/Kruger_National_Park_Wildlife-travel/kruger-park-wildlife-cheetahs.html,52
1,6,About Cheetahs • Cheetah Facts • Cheetah Conservation Fund •,https://cheetah.org/learn/about-cheetahs/,408
1,7,Cheetah Facts - Fact Animal,https://factanimal.com/cheetahs/,119
2,1,YouTube,https://www.youtube.com/watch?v=pkhE14Rou-E,12
2,2,YouTube,https://www.youtube.com/watch?v=V8vejjVgIHg,36
2,3,YouTube,https://www.youtube.com/watch?v=8Lnf97R7h3I,43
2,4,Cheetah | African Wildlife Foundation,https://www.awf.org/wildlife-conservation/cheetah,65
2,5,Cheetah Facts | Big Cat Rescue,https://bigcatrescue.org/cheetah-facts/,429
2,6,"Cheetah Facts - Speed, Prey, Food, Wild, Interesting Information",http://www.sciencekids.co.nz/sciencefacts/animals/cheetah.html,25
2,7,Cheetahs are being bought by the ultra-rich illegally - CNN,https://edition.cnn.com/2019/08/28/africa/somaliland-cheetahs-gulf-intl/index.html,262
2,8,Cheetah | Smithsonian's National Zoo,https://nationalzoo.si.edu/animals/cheetah,147
2,9,500+ Cheetah Pictures [HD] | Download Free Images on Unsplash,https://unsplash.com/search/photos/cheetah,417
3,1,Cheetah - Singapore Zoo | Wildlife Reserves Singapore,https://www.wrs.com.sg/en/singapore-zoo/animals-and-zones/cheetah.html,79
3,2,Cheetahs: The Fastest Land Animals | Live Science,https://www.livescience.com/27319-cheetahs.html,196
3,3,CatSG: Cheetah,http://www.catsg.org/index.php?id=107,104
3,4,ccpz,https://www.cheetahzimbabwe.org/,74
3,5,Cheetah Zimbabwe - Home | Facebook,https://www.facebook.com/CheetahZimbabwe/,138
3,6,Cheetah Outreach - Welcome,https://www.cheetah.co.za/,50
3,7,What’s Cuter Than a Baby Cheetah? A Baby Cheetah With Its Puppy Pal - WSJ,https://www.wsj.com/articles/whats-cuter-than-a-baby-cheetah-a-baby-cheetah-with-its-puppy-pal-11561732229,75
3,8,Cheetah | ThunderCats wiki | FANDOM powered by Wikia,https://thundercats.fandom.com/wiki/Cheetah,38
3,9,Cheetahs Unable to Outrun the Danger,https://www.nikela.org/cheetahs-unable-outrun-danger/,126
3,10,IUCN Red List of Threatened Species,https://www.iucnredlist.org/species/219/50649567,0
4,1,CHEETAH CONSERVATION BOTSWANA - ​CHEETAH CONSERVATION BOTSWANA,http://www.cheetahconservationbotswana.org/,40
4,2,Cheetah Conversions,https://cheetahconversions.com/,28
4,3,We are dedicated to marketers | Cheetah Digital,https://www.cheetahdigital.com/?no-redirect=1,137
4,4,Cheetah project WebSite: Home,http://www.cheetah-project.eu/,46
4,5,Ty Hill (@cheetah) | Twitter,https://twitter.com/cheetah?lang=ro,267
4,6,Columbus Zoo and Aquarium - Cheetah Run,https://www.columbuszoo.org/home/visit/explore-your-columbus-zoo/special-experiences/cheetah-run,10
4,7,Cheetah® Pro - US - Turf,https://www2.nufarm.com/usturf/product/cheetahpro/,35
4,8,Wildlife | Defenders of Wildlife,https://defenders.org/wildlife,0
4,9,Cheetah Mobile - Make the World Smarter,https://www.cmcm.com/?hl=en,116
4,10,Cheetah Lux Lipstick | ColourPop,https://colourpop.com/products/cheetah,99
